-- phpMyAdmin SQL Dump
-- version 5.2.0
-- https://www.phpmyadmin.net/
--
-- 啸芯褋褌: 127.0.0.1:3306
-- 袙褉械屑褟 褋芯蟹写邪薪懈褟: 袠褞薪 23 2026 谐., 14:18
-- 袙械褉褋懈褟 褋械褉胁械褉邪: 8.0.30
-- 袙械褉褋懈褟 PHP: 8.1.9

SET SQL_MODE = "NO_AUTO_VALUE_ON_ZERO";
START TRANSACTION;
SET time_zone = "+00:00";


/*!40101 SET @OLD_CHARACTER_SET_CLIENT=@@CHARACTER_SET_CLIENT */;
/*!40101 SET @OLD_CHARACTER_SET_RESULTS=@@CHARACTER_SET_RESULTS */;
/*!40101 SET @OLD_COLLATION_CONNECTION=@@COLLATION_CONNECTION */;
/*!40101 SET NAMES utf8mb4 */;

--
-- 袘邪蟹邪 写邪薪薪褘褏: `Social`
--

-- --------------------------------------------------------

--
-- 小褌褉褍泻褌褍褉邪 褌邪斜谢懈褑褘 `complains`
--

CREATE TABLE `complains` (
  `complain_id` int NOT NULL,
  `sender_id` int NOT NULL,
  `target_user_id` int NOT NULL,
  `complain_type_id` int NOT NULL,
  `additional_message` text COLLATE utf8mb4_unicode_ci
) ENGINE=InnoDB DEFAULT CHARSET=utf8mb4 COLLATE=utf8mb4_unicode_ci;

--
-- 袛邪屑锌 写邪薪薪褘褏 褌邪斜谢懈褑褘 `complains`
--

INSERT INTO `complains` (`complain_id`, `sender_id`, `target_user_id`, `complain_type_id`, `additional_message`) VALUES
(1, 7, 12, 1, '');

-- --------------------------------------------------------

--
-- 小褌褉褍泻褌褍褉邪 褌邪斜谢懈褑褘 `complain_types`
--

CREATE TABLE `complain_types` (
  `complain_type_id` int NOT NULL,
  `complain` varchar(255) CHARACTER SET utf8mb4 COLLATE utf8mb4_unicode_ci NOT NULL
) ENGINE=InnoDB DEFAULT CHARSET=utf8mb4 COLLATE=utf8mb4_unicode_ci;

--
-- 袛邪屑锌 写邪薪薪褘褏 褌邪斜谢懈褑褘 `complain_types`
--

INSERT INTO `complain_types` (`complain_type_id`, `complain`) VALUES
(1, '小锌邪屑'),
(2, '袨褋泻芯褉斜谢械薪懈褟'),
(3, '袧械锌褉懈械屑谢械屑褘泄 泻芯薪褌械薪褌'),
(4, '袛褉褍谐芯械');

-- --------------------------------------------------------

--
-- 小褌褉褍泻褌褍褉邪 褌邪斜谢懈褑褘 `direct_messages`
--

CREATE TABLE `direct_messages` (
  `message_id` int NOT NULL,
  `sender_id` int NOT NULL,
  `receiver_id` int NOT NULL,
  `message` text COLLATE utf8mb4_unicode_ci,
  `image_path` varchar(255) CHARACTER SET utf8mb4 COLLATE utf8mb4_unicode_ci DEFAULT NULL,
  `date` datetime NOT NULL
) ENGINE=InnoDB DEFAULT CHARSET=utf8mb4 COLLATE=utf8mb4_unicode_ci;

--
-- 袛邪屑锌 写邪薪薪褘褏 褌邪斜谢懈褑褘 `direct_messages`
--

INSERT INTO `direct_messages` (`message_id`, `sender_id`, `receiver_id`, `message`, `image_path`, `date`) VALUES
(7, 14, 1, '褉褍写写褖', NULL, '2026-06-22 14:58:43'),
(8, 14, 1, 'json', NULL, '2026-06-22 15:17:08'),
(9, 14, 1, 'hallo\r\n', NULL, '2026-06-22 15:18:14'),
(10, 14, 7, '邪褎褘胁褎褘', NULL, '2026-06-23 09:49:01'),
(11, 15, 7, '袗袘袨袘袗袗袗袗袗袗袗袗袗袗袗袗袗袗袗袗袗袗袗袗袗袗袗袗袗袗袗袗袗袗袗袗袗袗袗袗袗袗袗袗袗袗袗袗袗袗袗袗袗袗袗袗袗袗袗袗袗袗袗袗袗袗', NULL, '2026-06-23 09:50:13'),
(12, 7, 15, '袗袘袨袘袗邪邪邪邪邪邪邪邪邪邪邪邪邪邪邪邪邪邪邪邪邪邪邪邪邪邪邪邪邪邪邪邪邪邪邪邪邪邪邪邪邪邪邪邪邪邪邪邪邪邪邪邪邪邪邪邪邪邪邪邪', NULL, '2026-06-23 09:54:59'),
(13, 15, 7, 'fasdadas', NULL, '2026-06-23 10:53:06'),
(14, 15, 7, '胁胁胁胁胁胁胁胁胁胁胁胁胁胁胁胁胁胁胁胁胁胁胁胁胁胁胁胁胁胁胁胁胁胁胁胁胁胁胁胁胁胁胁胁胁胁胁胁胁胁胁胁胁胁胁胁胁胁胁胁胁胁胁胁胁胁胁胁胁胁胁胁胁胁胁胁胁胁胁胁胁胁胁胁胁胁胁胁胁胁胁胁胁胁胁胁胁胁胁胁胁胁胁胁胁胁胁胁胁胁胁胁胁胁胁胁胁胁胁胁胁胁胁胁胁胁胁胁胁胁胁胁胁胁胁胁胁胁胁胁胁胁胁胁胁胁胁胁胁胁胁胁胁胁胁胁胁胁胁胁胁胁胁胁胁胁胁胁胁胁胁胁胁胁胁胁胁胁胁胁胁胁胁胁胁胁胁胁胁胁胁胁胁胁胁胁胁胁胁胁胁胁胁胁胁胁胁胁胁胁胁胁胁胁胁胁胁胁胁胁胁胁胁胁胁胁胁胁胁胁胁胁胁胁胁胁胁胁胁胁胁胁胁胁胁胁胁胁胁胁胁胁胁胁胁胁胁胁胁胁胁胁胁胁胁胁胁胁胁胁胁胁胁胁胁胁胁胁胁胁胁胁胁胁胁胁胁胁胁胁胁胁胁胁胁胁胁胁胁胁胁胁胁胁胁胁胁胁胁胁胁胁胁胁胁胁胁胁胁胁胁胁胁胁胁胁胁胁胁胁胁胁胁胁胁胁胁胁胁胁胁胁胁胁胁胁胁胁胁胁胁胁胁胁胁胁胁胁胁胁胁胁胁胁胁胁胁胁胁胁胁胁胁胁胁胁胁胁胁胁胁胁胁胁胁胁胁胁胁胁胁胁胁胁胁胁胁胁胁胁胁胁胁胁胁胁胁胁胁胁胁胁胁胁胁胁胁胁胁胁胁胁胁胁胁胁胁胁胁胁胁胁胁胁胁胁胁胁胁胁胁胁胁胁胁胁胁胁胁胁胁胁胁胁胁胁胁胁胁胁胁胁胁胁胁胁胁胁胁胁胁胁胁胁胁胁胁胁胁胁胁胁胁胁胁胁胁胁胁胁胁胁胁胁胁胁胁胁胁胁胁胁胁胁胁胁胁胁胁胁胁胁胁胁胁胁胁胁胁胁胁胁胁胁胁胁胁胁胁胁胁胁胁胁胁胁胁胁胁胁胁胁胁胁胁胁胁胁胁胁胁胁胁胁胁胁胁胁胁胁胁胁胁胁胁胁胁胁胁胁胁胁胁胁胁胁胁胁胁胁胁胁胁胁胁胁胁胁胁胁胁胁胁胁胁胁胁胁胁胁胁胁胁胁胁胁胁胁胁胁胁胁胁胁胁胁胁胁胁胁胁胁胁胁胁胁胁胁胁胁胁胁胁胁胁胁胁胁胁胁胁胁胁胁胁胁胁胁胁胁胁胁胁胁胁胁胁胁胁胁胁胁胁胁胁胁胁胁胁胁胁胁胁胁胁胁胁胁胁胁胁胁胁胁胁胁胁胁胁胁胁胁胁胁胁胁胁胁胁胁胁胁胁胁胁胁胁胁胁胁胁胁胁胁胁', NULL, '2026-06-23 12:12:20'),
(15, 15, 7, '胁胁胁胁胁胁胁胁胁胁胁胁胁胁胁胁胁胁胁胁胁胁胁胁胁胁胁胁胁胁胁胁胁胁胁胁胁胁胁胁胁胁胁胁胁胁胁胁胁胁胁胁胁胁胁胁胁胁胁胁胁胁胁胁胁胁胁胁胁胁胁胁胁胁胁胁胁胁胁胁胁胁胁胁胁胁胁胁胁胁胁胁胁胁胁胁胁胁胁胁胁胁胁胁胁胁胁胁胁胁胁胁胁胁胁胁胁胁胁胁胁胁胁胁胁胁胁胁胁胁胁胁胁胁胁胁胁胁胁胁胁胁胁胁胁胁胁胁胁胁胁胁胁胁胁胁胁胁胁胁胁胁胁胁胁胁胁胁胁胁胁胁胁胁胁胁胁胁胁胁胁胁胁胁胁胁胁胁胁胁胁胁胁胁胁胁胁胁胁胁胁胁胁胁胁胁胁胁胁胁胁胁胁胁胁胁胁胁胁胁胁胁胁胁胁胁胁胁胁胁胁胁胁胁胁胁胁胁胁胁胁胁胁胁胁胁胁胁胁胁胁胁胁胁胁胁胁胁胁胁胁胁胁胁胁胁胁胁胁胁胁胁胁胁胁胁胁胁胁胁胁胁胁胁胁胁胁胁胁胁胁胁胁胁胁胁胁胁胁胁胁胁胁胁胁胁胁胁胁胁胁胁胁胁胁胁胁胁胁胁胁胁胁胁胁胁胁胁胁胁胁胁胁胁胁胁胁胁胁胁胁胁胁胁胁胁胁胁胁胁胁胁胁胁胁胁胁胁胁胁胁胁胁胁胁胁胁胁胁胁胁胁胁胁胁胁胁胁胁胁胁胁胁胁胁胁胁胁胁胁胁胁胁胁胁胁胁胁胁胁胁胁胁胁胁胁胁胁胁胁胁胁胁胁胁胁胁胁胁胁胁胁胁胁胁胁胁胁胁胁胁胁胁胁胁胁胁胁胁胁胁胁胁胁胁胁胁胁胁胁胁胁胁胁胁胁胁胁胁胁胁胁胁胁胁胁胁胁胁胁胁胁胁胁胁胁胁胁胁胁胁胁胁胁胁胁胁胁胁胁胁胁胁胁胁胁胁胁胁胁胁胁胁胁胁胁胁胁胁胁胁胁胁胁胁胁胁胁胁胁胁胁胁胁胁胁胁胁胁胁胁胁胁胁胁胁胁胁胁胁胁胁胁胁胁胁胁胁胁胁胁胁胁胁胁胁胁胁胁胁胁胁胁胁胁胁胁胁胁胁胁胁胁胁胁胁胁胁胁胁胁胁胁胁胁胁胁胁胁胁胁胁胁胁胁胁胁胁胁胁胁胁胁胁胁胁胁胁胁胁胁胁胁胁胁胁胁胁胁胁胁胁胁胁胁胁胁胁胁胁胁胁胁胁胁胁胁胁胁胁胁胁胁胁胁胁胁胁胁胁胁胁胁胁胁胁胁胁胁胁胁胁胁胁胁胁胁胁胁胁胁胁胁胁胁胁胁胁胁胁胁胁胁胁胁胁胁胁胁胁胁胁胁胁胁胁胁胁胁胁胁胁胁胁胁胁胁胁胁胁胁胁胁胁胁胁胁胁胁胁胁胁胁胁胁胁胁胁胁胁胁胁胁胁胁胁胁胁胁胁胁胁胁胁胁胁胁胁胁胁胁胁胁胁胁胁胁胁胁胁胁胁胁胁胁胁胁胁胁胁胁胁胁胁胁胁胁胁胁胁胁胁胁胁胁胁胁胁胁胁胁胁胁胁胁胁胁胁胁胁胁胁胁胁胁胁胁胁胁胁胁胁胁胁胁胁胁胁胁胁胁胁胁胁胁胁胁胁胁胁胁胁胁胁胁胁胁胁胁胁胁胁胁胁胁胁胁胁胁胁胁胁胁胁胁胁胁胁胁胁胁胁胁胁胁胁胁胁胁胁胁胁胁胁胁胁胁胁胁胁胁胁胁胁胁胁胁胁胁胁胁胁胁胁胁胁胁胁胁胁胁胁胁胁胁胁胁胁胁胁胁胁胁胁胁胁胁胁胁胁胁胁胁胁胁胁胁胁胁胁胁胁胁胁胁胁胁胁胁胁胁胁胁胁胁胁胁胁胁胁胁胁胁胁胁胁胁胁胁胁胁胁胁胁胁胁胁胁胁胁胁胁胁胁胁胁胁胁胁胁胁胁胁胁胁胁胁胁胁胁胁胁胁胁胁胁胁胁胁胁胁胁胁胁胁胁胁胁胁胁胁胁胁胁胁胁胁胁胁胁胁胁胁胁胁胁胁胁胁胁胁胁胁胁胁胁胁胁胁胁胁胁胁胁胁胁胁胁胁胁胁胁胁胁胁胁胁胁胁胁胁胁胁胁胁胁胁胁胁胁胁胁胁胁胁胁胁胁胁胁胁胁胁胁胁胁胁胁胁胁胁胁胁胁胁胁胁胁胁胁胁胁胁胁胁胁胁胁胁胁胁胁胁胁胁胁胁胁胁胁胁胁胁胁胁胁胁胁胁胁胁胁胁胁胁胁胁胁胁胁胁胁胁胁胁胁胁胁胁胁胁胁胁胁胁胁胁胁胁胁胁胁胁胁胁胁胁胁胁胁胁胁胁胁胁胁胁胁胁胁胁胁胁胁胁胁胁胁胁胁胁胁胁胁胁胁胁胁胁胁胁胁胁胁胁胁胁胁胁胁胁胁胁胁', NULL, '2026-06-23 12:45:17'),
(16, 15, 7, '袘械斜芯懈写', NULL, '2026-06-23 12:47:23'),
(17, 15, 7, '', NULL, '2026-06-23 12:47:39'),
(18, 15, 7, '斜械斜邪', NULL, '2026-06-23 12:53:41');

-- --------------------------------------------------------

--
-- 小褌褉褍泻褌褍褉邪 褌邪斜谢懈褑褘 `friends`
--

CREATE TABLE `friends` (
  `friendship_id` int NOT NULL,
  `user_id` int NOT NULL,
  `friend_id` int NOT NULL,
  `status` varchar(255) CHARACTER SET utf8mb4 COLLATE utf8mb4_unicode_ci NOT NULL,
  `date` date NOT NULL
) ENGINE=InnoDB DEFAULT CHARSET=utf8mb4 COLLATE=utf8mb4_unicode_ci;

--
-- 袛邪屑锌 写邪薪薪褘褏 褌邪斜谢懈褑褘 `friends`
--

INSERT INTO `friends` (`friendship_id`, `user_id`, `friend_id`, `status`, `date`) VALUES
(9, 8, 7, 'pending', '2026-06-16'),
(10, 7, 9, 'pending', '2026-06-16'),
(11, 8, 9, 'pending', '2026-06-16'),
(12, 10, 7, 'pending', '2026-06-16'),
(13, 8, 10, 'pending', '2026-06-18'),
(14, 1, 2, 'pending', '2026-06-18'),
(15, 13, 2, 'accepted', '2026-06-20'),
(16, 16, 15, 'pending', '2026-06-23'),
(17, 17, 15, 'pending', '2026-06-23');

-- --------------------------------------------------------

--
-- 小褌褉褍泻褌褍褉邪 褌邪斜谢懈褑褘 `notifications`
--

CREATE TABLE `notifications` (
  `notification_id` int NOT NULL,
  `receiver_id` int NOT NULL,
  `sender_id` int NOT NULL,
  `message` text CHARACTER SET utf8mb4 COLLATE utf8mb4_unicode_ci NOT NULL,
  `type` varchar(50) CHARACTER SET utf8mb4 COLLATE utf8mb4_unicode_ci NOT NULL,
  `is_read` tinyint(1) NOT NULL DEFAULT '0',
  `created_at` timestamp NOT NULL DEFAULT CURRENT_TIMESTAMP
) ENGINE=InnoDB DEFAULT CHARSET=utf8mb4 COLLATE=utf8mb4_unicode_ci;

--
-- 袛邪屑锌 写邪薪薪褘褏 褌邪斜谢懈褑褘 `notifications`
--

INSERT INTO `notifications` (`notification_id`, `receiver_id`, `sender_id`, `message`, `type`, `is_read`, `created_at`) VALUES
(1, 9, 8, '芯褌锌褉邪胁懈谢(邪) 胁邪屑 蟹邪褟胁泻褍 胁 写褉褍蟹褜褟', 'friend_request', 1, '2026-06-16 10:33:56'),
(2, 7, 10, '芯褌锌褉邪胁懈谢(邪) 胁邪屑 蟹邪褟胁泻褍 胁 写褉褍蟹褜褟', 'friend_request', 1, '2026-06-16 10:44:18'),
(3, 10, 8, '芯褌锌褉邪胁懈谢(邪) 胁邪屑 蟹邪褟胁泻褍 胁 写褉褍蟹褜褟', 'friend_request', 1, '2026-06-18 00:51:48'),
(4, 2, 1, '芯褌锌褉邪胁懈谢(邪) 胁邪屑 蟹邪褟胁泻褍 胁 写褉褍蟹褜褟', 'friend_request', 1, '2026-06-18 09:17:35'),
(5, 2, 13, '芯褌锌褉邪胁懈谢(邪) 胁邪屑 蟹邪褟胁泻褍 胁 写褉褍蟹褜褟', 'friend_request', 1, '2026-06-20 02:03:17'),
(6, 15, 16, '芯褌锌褉邪胁懈谢(邪) 胁邪屑 蟹邪褟胁泻褍 胁 写褉褍蟹褜褟', 'friend_request', 1, '2026-06-23 08:35:44'),
(7, 15, 17, '芯褌锌褉邪胁懈谢(邪) 胁邪屑 蟹邪褟胁泻褍 胁 写褉褍蟹褜褟', 'friend_request', 1, '2026-06-23 08:43:15');

-- --------------------------------------------------------

--
-- 小褌褉褍泻褌褍褉邪 褌邪斜谢懈褑褘 `posts`
--

CREATE TABLE `posts` (
  `post_id` int NOT NULL,
  `autor_id` int NOT NULL,
  `wall_owner_id` int NOT NULL,
  `message` text COLLATE utf8mb4_unicode_ci,
  `image_path` varchar(255) CHARACTER SET utf8mb4 COLLATE utf8mb4_unicode_ci DEFAULT NULL,
  `date` datetime NOT NULL
) ENGINE=InnoDB DEFAULT CHARSET=utf8mb4 COLLATE=utf8mb4_unicode_ci;

--
-- 袛邪屑锌 写邪薪薪褘褏 褌邪斜谢懈褑褘 `posts`
--

INSERT INTO `posts` (`post_id`, `autor_id`, `wall_owner_id`, `message`, `image_path`, `date`) VALUES
(1, 2, 2, 'hello\r\n', NULL, '2026-06-18 09:42:51'),
(2, 2, 2, 'admin', NULL, '2026-06-18 10:52:14'),
(4, 2, 2, '谐写械', NULL, '2026-06-18 10:55:05'),
(5, 2, 2, '', NULL, '2026-06-18 10:59:09'),
(6, 2, 2, '胁褋械屑 写芯斜褉褘泄 写械薪褜 褟 芯锌褟褌褜 褋谢芯屑邪谢 褋邪泄褌', NULL, '2026-06-18 10:59:44'),
(7, 2, 1, '袛芯斜褉褘泄 写械薪褜, 褍写邪谢褟泄褌械 邪泻泻邪褍薪褌', NULL, '2026-06-18 12:36:15'),
(8, 2, 1, '', '6a33bc2948a6f_maxwell.gif', '2026-06-18 12:36:41'),
(10, 1, 1, '袛袨袘袪蝎袡 袙袝效袝袪!!!!!! 袩袨袣袗 袧袝 袩袥袗袧袠袪校挟!! 馃榿馃榿馃榿馃憤馃憤馃憤馃憤馃幎馃幎馃幎', NULL, '2026-06-18 15:13:41'),
(11, 1, 1, '袟袛袪袗袙小孝袙校袡孝袝?!?', NULL, '2026-06-18 15:28:13'),
(12, 1, 1, '袩袨袛袩袠小效袠袣袠 袙小袝袦 袩袪袠袙袝孝!! 袛袨袘袪袨袚袨 小效袗小孝袥袠袙袨袚袨 袙袝效袝袪袗 馃檶馃檶馃檶馃槈馃槈馃槈馃槈 携 小袝袚袨袛袧携 袧袗 校袞袠袧 袝袥袗 效袝效袝袙袠笑校 袠 袨袧袗 袦袝袧携 袩袨袪袗袛袨袙袗袥袗 馃馃馃 小袙袨袝袡 小孝袪校袣孝校袪袨袡 袠 袙袣校小袨袦 馃槢馃槢馃槢 袗 袩袨孝袨袦 携 袝袡 袩袨袛袗袙袠袥袗小鞋 袠 效校孝鞋 袧袝 袟袗袛袨啸袧校袥袗小鞋 馃ぃ馃ぃ馃ぃ馃ぃ馃槀馃槀馃槀 袙小袝袦 袛袨袘袪袨袚袨 袙袝效袝袪袗 袟袛袨袪袨袙鞋携 袠 小效袗小孝鞋携!!!!', '6a33ef1b3770f_dobryj-vecher.gif', '2026-06-18 15:31:31'),
(14, 12, 12, '袛芯斜褉褘泄 写械薪褜.', NULL, '2026-06-18 16:06:19'),
(17, 1, 2, '袛袨袘袪袨袝 校孝袪袨!!! 馃馃馃ぃ馃ぃ馃槈馃槈', '6a34851880c99_dobroe-utro.gif', '2026-06-19 02:52:04'),
(18, 1, 1, '袙小袝袦 校孝袪袗! 校孝袪袨 袧袝 袛袨袘袪袨袝 - 袟袗袣袨袧效袠袥袨小鞋 袦袨袥袨袣袨. 协孝袗 袩袝效袗袥鞋袧袗携 袧袨袙袨小孝鞋 袩袨袙袝袪袚袥袗 袦袝袧携 袙 楔袨袣, 袧袨 携 小袩袪袗袙袥携挟小鞋 鉂わ笍鉂わ笍鉂わ笍\r\n袥袝袧袨效袣袗 袩袪袠袙袝孝 袛袗 啸袪袗袧袠孝 孝袝袘携 袘袨袚', NULL, '2026-06-19 04:35:37'),
(21, 1, 7, '', '6a34eb070a00e_s-maslenicej (1).gif', '2026-06-19 10:08:55'),
(22, 1, 7, '袛袨袘袪蝎袡 袛袝袧鞋 馃憤馃憤馃憤馃憤馃憤馃憤馃憤馃憤馃憤', NULL, '2026-06-19 10:09:21'),
(25, 13, 13, '袙褋械屑 锌褉懈胁械褌, 褟 褋泻芯褉芯 褋褌邪薪褍 邪写屑懈薪芯屑', NULL, '2026-06-20 03:37:31'),
(26, 2, 1, '袧邪褌邪谢褜褟, 写芯斜褉芯械 褍褌褉芯. 袧械 泻褉懈褔懈褌械', NULL, '2026-06-20 03:59:16'),
(28, 14, 14, '袙褋械屑 锌褉懈胁械褌! 袩褉械写褍锌褉械卸写邪褞: 袧袝 袛袨袘袗袙袥携袡孝袝 袦袝袧携 袙 袛袪校袟鞋携! 携 懈蟹谐芯泄. 携 褋芯蟹写邪薪, 褔褌芯斜褘 褋屑芯褌褉械褌褜 薪邪 蟹邪泻褉褘褌褘械 褋褌褉邪薪懈褔泻懈\r\n携 薪械 锌褉懈屑褍 胁邪褕懈 蟹邪褟胁泻懈! 袦薪械 薪懈泻褌芯 薪械 薪褍卸械薪, 褍 屑械薪褟 械褋褌褜... 褝褝 写芯褋褌褍锌 泻 斜写 懈 褟 懈 褌邪泻 褔懈褌邪褞 胁褋械 胁邪褕懈 谢懈褔薪褘械 褋芯芯斜褖械薪懈褟.\r\n袙褋械屑 褍写邪褔懈 懈 褏芯褉芯褕械谐芯 写薪褟 馃馃', NULL, '2026-06-22 06:44:59'),
(29, 14, 14, '携 械谐芯 褎邪薪邪褌! 袣谢邪褋褋薪褘泄 斜褘谢 褔械谢, 褟 斜褘 褋 薪懈屑 写褉褍卸懈谢 懈 胁 褋芯褋械写薪械泄 斜芯褔泻械 卸懈谢, 斜谢懈薪 \r\n褏邪胁褏邪褏胁邪褏胁邪蟹褏胁褘蟹褘胁邪蟹褏邪褖蟹褏褘褖褘褖邪蟹褘褏褘胁蟹褖褏邪褘蟹褏褘胁邪褏胁褖邪胁褘邪褖褘胁褏蟹邪胁褘蟹褖邪褏胁蟹褖邪蟹褘邪褖胁褘蟹褏邪褖褏蟹褘胁邪褖褘胁蟹褏邪胁邪蟹褏胁褏蟹胁褏胁邪屑邪邪邪邪邪邪邪邪邪邪邪邪邪邪邪邪邪邪邪邪邪邪邪邪邪邪邪邪邪邪邪邪袗袗袗袗袗袗袗袗袗袗袗袗袗袗袗袗袗袗袗袗袗袗袗袗袗袗袗袗袗袗袗袗袗袗袗袗袗袗袗袗袗袗袗袗袗袗袗袗袗袗袗袗袗袗袗袗袗袗袗袗袗袗袗袗袗袗袗袗袗袗袗袗袗袗袗袗袗袗袗袗袗袗袗袗袗袗袗袗袗袗袗袗袗袗袗袗袗袗袗袗袗袗袗袗袗袗袗袗袗袗袗袗袗袗袗袗袗袗袗袗袗袗袗袗袗袗袗袗袗袗袗袗袗袗袗袗袗袗', '6a38afe61c504_post_crop_small_1080.jpg', '2026-06-22 06:45:42'),
(30, 8, 7, '袘袨袘袗', NULL, '2026-06-22 04:01:40'),
(31, 8, 7, '斜芯斜邪', '6a38898b48b1d_test.jpg', '2026-06-22 04:02:03'),
(32, 15, 15, '胁胁胁胁胁胁胁胁胁胁胁胁胁胁胁胁胁胁胁胁胁胁胁胁胁胁胁胁胁胁胁胁胁胁胁胁胁胁胁胁胁胁胁胁胁胁胁胁胁胁胁胁胁胁胁胁胁胁胁胁胁胁胁胁胁胁胁胁胁胁胁胁胁胁胁胁胁胁胁胁胁胁胁胁胁胁胁胁胁胁胁胁胁胁胁胁胁胁胁胁胁胁胁胁胁胁胁胁胁胁胁胁胁胁胁胁胁胁胁胁胁胁胁胁胁胁胁胁胁胁胁胁胁胁胁胁胁胁胁胁胁胁胁胁胁胁胁胁胁胁胁胁胁胁胁胁胁胁胁胁胁胁胁胁胁胁胁胁胁胁胁胁胁胁胁胁胁胁胁胁胁胁胁胁胁胁胁胁胁胁胁胁胁胁胁胁胁胁胁胁胁胁胁胁胁胁胁胁胁胁胁胁胁胁胁胁胁胁胁胁胁胁胁胁胁胁胁胁胁胁胁胁胁胁胁胁胁胁胁胁胁胁胁胁胁胁胁胁胁胁胁胁胁胁胁胁胁胁胁胁胁胁胁胁胁胁胁胁胁胁胁胁胁胁胁胁胁胁胁胁胁胁胁胁胁胁胁胁胁胁胁胁胁胁胁胁胁胁胁胁胁胁胁胁胁胁胁胁胁胁胁胁胁胁胁胁胁胁胁胁胁胁胁胁胁胁胁胁胁胁胁胁胁胁胁胁胁胁胁胁胁胁胁胁胁胁胁胁胁胁胁胁胁胁胁胁胁胁胁胁胁胁胁胁胁胁胁胁胁胁胁胁胁胁胁胁胁胁胁胁胁胁胁胁胁胁胁胁胁胁胁胁胁胁胁胁胁胁胁胁胁胁胁胁胁胁胁胁胁胁胁胁胁胁胁胁胁胁胁胁胁胁胁胁胁胁胁胁胁胁胁胁胁胁胁胁胁胁胁胁胁胁胁胁胁胁胁胁胁胁胁胁胁胁胁胁胁胁胁胁胁胁胁胁胁胁胁胁胁胁胁胁胁胁胁胁胁胁胁胁胁胁胁胁胁胁胁胁胁胁胁胁胁胁胁胁胁胁胁胁胁胁胁胁胁胁胁胁胁胁胁胁胁胁胁胁胁胁胁胁胁胁胁胁胁胁胁胁胁胁胁胁胁胁胁胁胁胁胁胁胁胁胁胁胁胁胁胁胁胁胁胁胁胁胁胁胁胁胁胁胁胁胁胁胁胁胁胁胁胁胁胁胁胁胁胁胁胁胁胁胁胁胁胁胁胁胁胁胁胁胁胁胁胁胁胁胁胁胁胁胁胁胁胁胁胁胁胁胁胁胁胁胁胁胁胁胁胁胁胁胁胁胁胁胁胁胁胁胁胁胁胁胁胁胁胁胁胁胁胁胁胁胁胁胁胁胁胁胁胁胁胁胁胁胁胁胁胁胁胁胁胁胁胁胁胁胁胁胁胁胁胁胁胁胁胁胁胁胁胁胁胁胁胁胁胁胁胁胁胁胁胁胁胁胁胁胁胁胁胁胁胁胁胁胁胁胁胁胁胁胁胁胁胁胁胁胁胁胁胁胁胁胁胁胁胁胁胁胁胁胁胁胁胁胁胁胁胁胁胁胁胁胁胁胁胁胁胁胁胁胁胁胁胁胁胁胁胁胁胁胁胁胁胁胁胁胁胁胁胁胁胁胁胁胁胁胁胁胁胁胁胁胁胁胁胁胁胁胁胁胁胁胁胁胁胁胁胁胁胁胁胁胁胁胁胁胁胁胁胁胁胁胁胁胁胁胁胁胁胁胁胁胁胁胁胁胁胁胁胁胁胁胁胁胁胁胁胁胁胁胁胁胁胁胁胁胁胁胁胁胁胁胁胁胁胁胁胁胁胁胁胁胁胁胁胁胁胁胁胁胁胁胁胁胁胁胁胁胁胁胁胁胁胁胁胁胁胁胁胁胁胁胁胁胁胁胁胁胁胁胁胁胁胁胁胁胁胁胁胁胁胁胁胁胁胁胁胁胁胁胁胁胁胁胁胁胁胁胁胁胁胁胁胁胁胁胁胁胁胁胁胁胁胁胁胁胁胁胁胁胁胁胁胁胁胁胁胁胁胁胁胁胁胁胁胁胁胁胁胁胁胁胁胁胁胁胁胁胁胁胁胁胁胁胁胁胁胁胁胁胁胁胁胁胁胁胁胁胁胁胁胁胁胁胁胁胁胁胁胁胁胁胁胁胁胁胁胁胁胁胁胁胁胁胁胁胁胁胁胁胁胁胁胁胁胁胁胁胁胁胁胁胁胁胁胁胁胁胁胁胁胁胁胁胁胁胁胁胁胁胁胁胁胁胁胁胁胁胁胁胁胁胁胁胁胁胁胁胁胁胁胁胁胁胁胁胁胁胁胁胁胁胁胁胁胁胁胁胁胁胁胁胁胁胁胁胁胁胁胁胁胁胁胁胁胁胁胁胁胁胁胁胁胁胁胁胁胁胁胁胁胁胁胁胁胁胁胁胁胁胁胁胁胁胁胁胁胁胁胁胁胁胁胁胁胁胁胁胁胁胁胁胁胁胁胁胁胁胁胁胁胁胁胁胁胁胁胁胁胁胁胁胁胁胁胁胁胁胁胁胁胁胁胁胁胁胁胁胁胁胁胁胁胁胁胁胁胁胁胁胁胁胁胁胁胁胁胁胁胁胁胁胁胁胁胁胁胁胁胁胁胁胁胁胁胁胁胁胁胁胁胁胁胁胁胁胁胁胁胁胁胁胁胁胁胁胁胁胁胁胁胁胁胁胁胁胁胁胁胁胁胁胁胁胁胁胁胁胁胁胁胁胁胁胁胁胁胁胁胁胁胁胁胁胁胁胁胁胁胁胁胁胁胁胁胁胁胁胁胁胁胁胁胁胁胁胁胁胁胁胁胁胁胁胁胁胁胁胁胁胁胁胁胁胁胁胁胁胁胁胁胁胁胁胁胁胁胁胁胁胁胁胁胁胁胁胁胁胁胁胁胁胁胁胁胁胁胁胁胁胁胁胁胁胁胁胁胁胁胁胁胁胁胁胁胁胁胁胁胁胁胁胁胁胁胁胁胁胁胁胁胁胁胁胁胁胁胁胁胁胁胁胁胁胁胁胁胁胁胁胁胁胁胁胁胁胁胁胁胁胁胁胁胁胁胁胁胁胁胁胁胁胁胁胁胁胁胁胁胁胁胁胁胁胁胁胁胁胁胁胁胁胁胁胁胁胁胁胁胁胁胁胁胁胁胁胁胁胁胁胁胁胁胁胁胁胁胁胁胁胁胁胁胁胁胁胁胁胁胁胁胁胁胁胁胁胁胁胁胁胁胁胁胁胁胁胁胁胁胁胁胁胁胁胁胁胁胁胁胁胁胁胁胁胁胁胁胁胁胁胁胁胁胁胁胁胁胁胁胁胁胁胁胁胁胁胁胁胁胁胁胁胁胁胁胁胁胁胁胁胁胁胁胁胁胁胁胁胁胁胁胁胁胁胁胁胁胁胁胁胁胁胁胁胁胁胁胁胁胁胁胁胁胁胁胁胁胁胁胁胁胁胁胁胁胁胁胁胁胁胁胁胁胁胁胁胁胁胁胁胁胁胁胁胁胁胁胁胁胁胁胁胁胁胁胁胁胁胁胁胁胁胁胁胁胁胁胁胁胁胁胁胁胁胁胁胁胁胁胁胁胁胁胁胁胁胁胁胁胁胁胁胁胁胁胁胁胁胁胁胁胁胁胁胁胁胁胁胁胁胁胁胁胁胁胁胁胁胁胁胁胁胁胁胁胁胁胁胁胁胁胁胁胁胁胁胁胁胁胁胁胁胁胁胁胁胁胁胁胁胁胁胁胁胁胁胁胁胁胁胁胁胁胁胁胁胁胁胁胁胁胁胁胁胁胁胁胁胁胁胁胁胁胁胁胁胁胁胁胁胁胁胁胁胁胁胁胁胁胁胁胁胁胁胁胁胁胁胁胁胁胁胁胁胁胁胁胁胁胁胁胁胁胁胁胁胁胁胁胁胁胁胁胁胁胁胁胁胁胁胁胁胁胁胁胁胁胁胁胁胁胁胁胁胁胁胁胁胁胁胁胁胁胁胁胁胁胁胁胁胁胁胁胁胁胁胁胁胁胁胁胁胁胁胁胁胁胁胁胁胁胁胁胁胁胁胁胁胁胁胁胁胁胁胁胁胁胁胁胁胁胁胁胁胁胁胁胁胁胁胁胁胁胁胁胁胁胁胁胁胁胁胁胁胁胁胁胁胁胁胁胁胁胁胁胁胁胁胁胁胁胁胁胁胁胁胁胁胁胁胁胁胁胁胁胁胁胁胁胁胁胁胁胁胁胁胁胁胁胁胁胁胁胁胁胁胁胁胁胁胁胁胁胁胁胁胁胁胁胁胁胁胁胁胁胁胁胁胁胁胁胁胁胁胁胁胁胁胁胁胁胁胁胁胁胁胁胁胁胁胁胁胁胁胁胁胁胁胁胁胁胁胁胁胁胁胁胁胁胁胁胁胁胁胁胁胁胁胁胁胁胁胁胁胁胁胁胁胁胁胁胁胁胁胁胁胁胁胁胁胁胁胁胁胁胁胁胁胁胁胁胁胁胁胁胁胁胁胁胁胁胁胁胁胁胁胁胁胁胁胁胁胁胁胁胁胁胁胁胁胁胁胁胁胁胁胁胁胁胁胁胁胁胁胁胁胁胁胁胁胁胁胁胁胁胁胁胁胁胁胁胁胁胁胁胁胁胁胁胁胁胁胁胁胁胁胁胁胁胁胁胁胁胁胁胁胁胁胁胁胁胁胁胁胁胁胁胁胁胁胁胁胁胁胁胁胁胁胁胁胁胁胁胁胁胁胁胁胁胁胁胁胁胁胁胁胁胁胁胁胁胁胁胁胁胁胁胁胁胁胁胁胁胁胁胁胁胁胁胁胁胁胁胁胁胁胁胁胁胁胁胁胁胁胁胁胁胁胁胁胁胁胁胁胁胁胁胁胁胁胁胁胁胁胁胁胁胁胁胁胁胁胁胁胁胁胁胁胁胁胁胁胁胁胁胁胁胁胁胁胁胁胁胁胁胁胁胁胁胁胁胁胁胁胁胁胁胁胁胁胁胁胁胁胁胁胁胁胁胁胁胁胁胁胁胁胁胁胁胁胁胁胁胁胁胁胁胁胁胁胁胁胁胁胁胁胁胁胁胁胁胁胁胁胁胁胁胁胁胁胁胁胁胁胁胁胁胁胁胁胁胁胁胁胁胁胁胁胁胁胁胁胁胁胁胁胁胁胁胁胁胁胁胁胁胁胁胁胁胁胁胁胁胁胁胁胁胁胁胁胁胁胁胁胁胁胁胁胁胁胁胁胁胁胁胁胁胁胁胁胁胁胁胁胁胁胁胁胁胁胁胁胁胁胁胁胁胁胁胁胁胁胁胁胁胁胁胁胁胁胁胁胁胁胁胁胁胁胁胁胁胁胁胁胁胁胁胁胁胁胁胁胁胁胁胁胁胁胁胁胁胁胁胁胁胁胁胁胁胁胁胁胁胁胁胁胁胁胁胁胁胁胁胁胁胁胁胁胁胁胁胁胁胁胁胁胁胁胁胁胁胁胁胁胁胁胁胁胁胁胁胁胁胁胁胁胁胁胁胁胁胁胁胁胁胁胁胁胁胁胁胁胁胁胁胁胁胁胁胁胁胁胁胁胁胁胁胁胁胁胁胁胁胁胁胁胁胁胁胁胁胁胁胁胁胁胁胁胁胁胁胁胁胁胁胁胁胁胁胁胁胁胁胁胁胁胁胁胁胁胁胁胁胁胁胁胁胁胁胁胁胁胁胁胁胁胁胁胁胁胁胁胁胁胁胁胁胁胁胁胁胁胁胁胁胁胁胁胁胁胁胁胁胁胁胁胁胁胁胁胁胁胁胁胁胁胁胁胁胁胁胁胁胁胁胁胁胁胁胁胁胁胁胁胁胁胁胁胁胁胁胁胁胁胁胁胁胁胁胁胁胁胁胁胁胁胁胁胁胁胁胁胁胁胁胁胁胁胁胁胁胁胁胁胁胁胁胁胁胁胁胁胁胁胁胁胁胁胁胁胁胁胁胁胁胁胁胁胁胁胁胁胁胁胁胁胁胁胁胁胁胁胁胁胁胁胁胁胁胁胁胁胁胁胁胁胁胁胁胁胁胁胁胁胁胁胁胁胁胁胁胁胁胁胁胁胁胁胁胁胁胁胁胁胁胁胁胁胁胁胁胁胁胁胁胁胁胁胁胁胁胁胁胁胁胁胁胁胁胁胁胁胁胁胁胁胁胁胁胁胁胁胁胁胁胁胁胁胁胁胁胁胁胁胁胁胁胁胁胁胁胁胁胁胁胁胁胁胁胁胁胁胁胁胁胁胁胁胁胁胁胁胁胁胁胁胁胁胁胁胁胁胁胁胁胁胁胁胁胁胁胁胁胁胁胁胁胁胁胁胁胁胁胁胁胁胁胁胁胁胁胁胁胁胁胁胁胁胁胁胁胁胁胁胁胁胁胁胁胁胁胁胁胁胁胁胁胁胁胁胁胁胁胁胁胁胁胁胁胁胁胁胁胁胁胁胁胁胁胁胁胁胁胁胁胁胁胁胁胁胁胁胁胁胁胁胁胁胁胁胁胁胁胁胁胁胁胁胁胁胁胁胁胁胁胁胁胁胁胁胁胁胁胁胁胁胁胁胁胁胁胁胁胁胁胁胁胁胁胁胁胁胁胁胁胁胁胁胁胁胁胁胁胁胁胁胁胁胁胁胁胁胁胁胁胁胁胁胁胁胁胁胁胁胁胁胁胁胁胁胁胁胁胁胁胁胁胁胁胁胁胁胁胁胁胁胁胁胁胁胁胁胁胁胁胁胁胁胁胁胁胁胁胁胁胁胁胁胁胁胁胁胁胁胁胁胁胁胁胁胁胁胁胁胁胁胁胁胁胁胁胁胁胁胁胁胁胁胁胁胁胁胁胁胁胁胁胁胁胁胁胁胁胁胁胁胁胁胁胁胁胁胁胁胁胁胁胁胁胁胁胁胁胁胁胁胁胁胁胁胁胁胁胁胁胁胁胁胁胁胁胁胁胁胁胁胁胁胁胁胁胁胁胁胁胁胁胁胁胁胁胁胁胁胁胁胁胁胁胁胁胁胁胁胁胁胁胁胁胁胁胁胁胁胁胁胁胁胁胁胁胁胁胁胁胁胁胁胁胁胁胁胁胁胁胁胁胁胁胁胁胁胁胁胁胁胁胁胁胁胁胁胁胁胁胁胁胁胁胁胁胁胁胁胁胁胁胁胁胁胁胁胁胁胁胁胁胁胁胁胁胁胁胁胁胁胁胁胁胁胁胁胁胁胁胁胁胁胁胁胁胁胁胁胁胁胁胁胁胁胁胁胁胁胁胁胁胁胁胁胁胁胁胁胁胁胁胁胁胁胁胁胁胁胁胁胁胁胁胁胁胁胁胁胁胁胁胁胁胁胁胁胁胁胁胁胁胁胁胁胁胁胁胁胁胁胁胁胁胁胁胁胁胁胁胁胁胁胁胁胁胁胁胁胁胁胁胁胁胁胁胁胁胁胁胁胁胁胁胁胁胁胁胁胁胁胁胁胁胁胁胁胁胁胁胁胁胁胁胁胁胁胁胁胁胁胁胁胁胁胁胁胁胁胁胁胁胁胁胁胁胁胁胁胁胁胁胁胁胁胁胁胁胁胁胁胁胁胁胁胁胁胁胁胁胁胁胁胁胁胁胁胁胁胁胁胁胁胁胁胁胁胁胁胁胁胁胁胁胁胁胁胁胁胁胁胁胁胁胁胁胁胁胁胁胁胁胁胁胁胁胁胁胁胁胁胁胁胁胁胁胁胁胁胁胁胁胁胁胁胁胁胁胁胁胁胁胁胁胁胁胁胁胁胁胁胁胁胁胁胁胁胁胁胁胁胁胁胁胁胁胁胁胁胁胁胁胁胁胁胁胁胁胁胁胁胁胁胁胁胁胁胁胁胁胁胁胁胁胁胁胁胁胁胁胁胁胁胁胁胁胁胁胁胁胁胁胁胁胁胁胁胁胁胁胁胁胁胁胁胁胁胁胁胁胁胁胁胁胁胁胁胁胁胁胁胁胁胁胁胁胁胁胁胁胁胁胁胁胁胁胁胁胁胁胁胁胁胁胁胁胁胁胁胁胁胁胁胁胁胁胁胁胁胁胁胁胁胁胁胁胁胁胁胁胁胁胁胁胁胁胁胁胁胁胁胁胁胁胁胁胁胁胁胁胁胁胁胁胁胁胁胁胁胁胁胁胁胁胁胁胁胁胁胁胁胁胁胁胁胁胁胁胁胁胁胁胁胁胁胁胁胁胁胁胁胁胁胁胁胁胁胁胁胁胁胁胁胁胁胁胁胁胁胁胁胁胁胁胁胁胁胁胁胁胁胁胁胁胁胁胁胁胁胁胁胁胁胁胁胁胁胁胁胁胁胁胁胁胁胁胁胁胁胁胁胁胁胁胁胁胁胁胁胁胁胁胁胁胁胁胁胁胁胁胁胁胁胁胁胁胁胁胁胁胁胁胁胁胁胁胁胁胁胁胁胁胁胁胁胁胁胁胁胁胁胁胁胁胁胁胁胁胁胁胁胁胁胁胁胁胁胁胁胁胁胁胁胁胁胁胁胁胁胁胁胁胁胁胁胁胁胁胁胁胁胁胁胁胁胁胁胁胁胁胁胁胁胁胁胁胁胁胁胁胁胁胁胁胁胁胁胁胁胁胁胁胁胁胁胁胁胁胁胁胁胁胁胁胁胁胁胁胁胁胁胁胁胁胁胁胁胁胁胁胁胁胁胁胁胁胁胁胁胁胁胁胁胁胁胁胁胁胁胁胁胁胁胁胁胁胁胁胁胁胁胁胁胁胁胁胁胁胁胁胁胁胁胁胁胁胁胁胁胁胁胁胁胁胁胁胁胁胁胁胁胁胁胁胁胁胁胁胁胁胁胁胁胁胁胁胁胁胁胁胁胁胁胁胁胁胁胁胁胁胁胁胁胁胁胁胁胁胁胁胁胁胁胁胁胁胁胁胁胁胁胁胁胁胁胁胁胁胁胁胁胁胁胁胁胁胁胁胁胁胁胁胁胁胁胁胁胁胁胁胁胁胁胁胁胁胁胁胁胁胁胁胁胁胁胁胁胁胁胁胁胁胁胁胁胁胁胁胁胁胁胁胁胁胁胁胁胁胁胁胁胁胁胁胁胁胁胁胁胁胁胁胁胁胁胁胁胁胁胁胁胁胁胁胁胁胁胁胁胁胁胁胁胁胁胁胁胁胁胁胁胁胁胁胁胁胁胁胁胁胁胁胁胁胁胁胁胁胁胁胁胁胁胁胁胁胁胁胁胁胁胁胁胁胁胁胁胁胁胁胁胁胁胁胁胁胁胁胁胁胁胁胁胁胁胁胁胁胁胁胁胁胁胁胁胁胁胁胁胁胁胁胁胁胁胁胁胁胁胁胁胁胁胁胁胁胁胁胁胁胁胁胁胁胁胁胁胁胁胁胁胁胁胁胁胁胁胁胁胁胁胁胁胁胁胁胁胁胁胁胁胁胁胁胁胁胁胁胁胁胁胁胁胁胁胁胁胁胁胁胁胁胁胁胁胁胁胁胁胁胁胁胁胁胁胁胁胁胁胁胁胁胁胁胁胁胁胁胁胁胁胁胁胁胁胁胁胁胁胁胁胁胁胁胁胁胁胁胁胁胁胁胁胁胁胁胁胁胁胁胁胁胁胁胁胁胁胁胁胁胁胁胁胁胁胁胁胁胁胁胁胁胁胁胁胁胁胁胁胁胁胁胁胁胁胁胁胁胁胁胁胁胁胁胁胁胁胁胁胁胁胁胁胁胁胁胁胁胁胁胁胁胁胁胁胁胁胁胁胁胁胁胁胁胁胁胁胁胁胁胁胁胁胁胁胁胁胁胁胁胁胁胁胁胁胁胁胁胁胁胁胁胁胁胁胁胁胁胁胁胁胁胁胁胁胁胁胁胁胁胁胁胁胁胁胁胁胁胁胁胁胁胁胁胁胁胁胁胁胁胁胁胁胁胁胁胁胁胁胁胁胁胁胁胁胁胁胁胁胁胁胁胁胁胁胁胁胁胁胁胁胁胁胁胁胁胁胁胁胁胁胁胁胁胁胁胁胁胁胁胁胁胁胁胁胁胁胁胁胁胁胁胁胁胁胁胁胁胁胁胁胁胁胁胁胁胁胁胁胁胁胁胁胁胁胁胁胁胁胁胁胁胁胁胁胁胁胁胁胁胁胁胁胁胁胁胁胁胁胁胁胁胁胁胁胁胁胁胁胁胁胁胁胁胁胁胁胁胁胁胁胁胁胁胁胁胁胁胁胁胁胁胁胁胁胁胁胁胁胁胁胁胁胁胁胁胁胁胁胁胁胁胁胁胁胁胁胁胁胁胁胁胁胁胁胁胁胁胁胁胁胁胁胁胁胁胁胁胁胁胁胁胁胁胁胁胁胁胁胁胁胁胁胁胁胁胁胁胁胁胁胁胁胁胁胁胁胁胁胁胁胁胁胁胁胁胁胁胁胁胁胁胁胁胁胁胁胁胁胁胁胁胁胁胁胁胁胁胁胁胁胁胁胁胁胁胁胁胁胁胁胁胁胁胁胁胁胁胁胁胁胁胁胁胁胁胁胁胁胁胁胁胁胁胁胁胁胁胁胁胁胁胁胁胁胁胁胁胁胁胁胁胁胁胁胁胁胁胁胁胁胁胁胁胁胁胁胁胁胁胁胁胁胁胁胁胁胁胁胁胁胁胁胁胁胁胁胁胁胁胁胁胁胁胁胁胁胁胁胁胁胁胁胁胁胁胁胁胁胁胁胁胁胁胁胁胁胁胁胁胁胁胁胁胁胁胁胁胁胁胁胁胁胁胁胁胁胁胁胁胁胁胁胁胁胁胁胁胁胁胁胁胁胁胁胁胁胁胁胁胁胁胁胁胁胁胁胁胁胁胁胁胁胁胁胁胁胁胁胁胁胁胁胁胁胁胁胁胁胁胁胁胁胁胁胁胁胁胁胁胁胁胁胁胁', NULL, '2026-06-23 13:29:43');

-- --------------------------------------------------------

--
-- 小褌褉褍泻褌褍褉邪 褌邪斜谢懈褑褘 `post_comments`
--

CREATE TABLE `post_comments` (
  `comment_id` int NOT NULL,
  `comment` text COLLATE utf8mb4_unicode_ci,
  `post_id` int NOT NULL,
  `author_id` int NOT NULL,
  `date` datetime NOT NULL
) ENGINE=InnoDB DEFAULT CHARSET=utf8mb4 COLLATE=utf8mb4_unicode_ci;

--
-- 袛邪屑锌 写邪薪薪褘褏 褌邪斜谢懈褑褘 `post_comments`
--

INSERT INTO `post_comments` (`comment_id`, `comment`, `post_id`, `author_id`, `date`) VALUES
(8, '袩芯褔械屑褍 褍 胁邪褋 邪泄写懈 1', 18, 13, '2026-06-19 15:52:14'),
(9, '袙褘 锌械褉胁褘泄 褞蟹械褉?', 18, 13, '2026-06-19 15:52:20'),
(10, '袧邪褌邪谢褜褟, 胁褘 胁褘蟹褘胁邪械褌械 锌芯写芯蟹褉械薪懈褟', 18, 13, '2026-06-19 15:52:31'),
(17, 'fm,j\'', 22, 7, '2026-06-22 03:54:33'),
(23, 'comment', 5, 2, '2026-06-20 04:01:29'),
(28, '袨褋褌邪胁谢褟褞 泻芯屑屑械薪褌邪褉懈泄 懈蟹 谢械薪褌褘', 26, 13, '2026-06-22 06:35:08'),
(29, '小袩袗小袠袘袨!! 馃挜馃挜鉂わ笍鉂わ笍鉂わ笍', 26, 1, '2026-06-22 13:22:37');

-- --------------------------------------------------------

--
-- 小褌褉褍泻褌褍褉邪 褌邪斜谢懈褑褘 `post_images`
--

CREATE TABLE `post_images` (
  `image_id` int NOT NULL,
  `post_id` int NOT NULL,
  `image_path` varchar(255) CHARACTER SET utf8mb4 COLLATE utf8mb4_unicode_ci NOT NULL
) ENGINE=InnoDB DEFAULT CHARSET=utf8mb4 COLLATE=utf8mb4_unicode_ci;

-- --------------------------------------------------------

--
-- 小褌褉褍泻褌褍褉邪 褌邪斜谢懈褑褘 `users`
--

CREATE TABLE `users` (
  `user_id` int NOT NULL,
  `login` varchar(50) CHARACTER SET utf8mb4 COLLATE utf8mb4_unicode_ci NOT NULL,
  `first_name` varchar(20) CHARACTER SET utf8mb4 COLLATE utf8mb4_unicode_ci NOT NULL,
  `last_name` varchar(20) CHARACTER SET utf8mb4 COLLATE utf8mb4_unicode_ci NOT NULL,
  `password` varchar(255) CHARACTER SET utf8mb4 COLLATE utf8mb4_unicode_ci NOT NULL,
  `role` varchar(10) CHARACTER SET utf8mb4 COLLATE utf8mb4_unicode_ci NOT NULL,
  `is_private` tinyint(1) NOT NULL,
  `birthday_date` date NOT NULL,
  `creation_date` date NOT NULL,
  `avatar` varchar(255) CHARACTER SET utf8mb4 COLLATE utf8mb4_unicode_ci NOT NULL
) ENGINE=InnoDB DEFAULT CHARSET=utf8mb4 COLLATE=utf8mb4_unicode_ci;

--
-- 袛邪屑锌 写邪薪薪褘褏 褌邪斜谢懈褑褘 `users`
--

INSERT INTO `users` (`user_id`, `login`, `first_name`, `last_name`, `password`, `role`, `is_private`, `birthday_date`, `creation_date`, `avatar`) VALUES
(1, 'natali1936', 'Natali', 'Ivanovna', '$2y$10$47tInV7bU59Ak.m9dIGee.7cIl.GmNMMWnt/HdgZEch7mscLI1mmq', '0', 0, '1936-06-16', '2026-06-11', 'user_1_1781786590.webp'),
(2, 'admin', 'Admin', 'Administrator', '$2y$10$il.YtAUf6k8yXplXrQqsDuphCw4IVkAVxHKtJZsBmoJx6tE7m1xQO', '1', 1, '2006-08-02', '2026-06-11', 'baseimage.jpg'),
(4, 'ds', 'd', 'd', '$2y$10$HNe1k08dfA5Gm0sAEKyPW.MICudA.7iqEWU8FG4ccMRlkl2NCMmva', '0', 0, '2432-03-31', '2026-06-12', 'baseimage.jpg'),
(6, '谢芯谐懈薪', '懈屑褟', '褎邪屑懈谢懈褟', '$2y$10$4oSWq9AVamP2Jwj3W.lZZOq/rMbjHuahmxHDWlJSHj42seudVe6Lu', '0', 0, '0001-01-01', '2026-06-12', 'baseimage.jpg'),
(7, 'BEBE', 'BOBO', 'PEPE', '$2y$10$hsTSifcvbHYOMOTopunQ4eVBjePnv0XLANAKSGip4MgC45wUkjroy', '0', 0, '9999-09-23', '2026-06-13', 'user_7_1781338757.jpg'),
(8, 'KEKE', 'K', 'E', '$2y$10$BUFRuB6rH3t/fDMyXExyY.eKCoiQPXy0quoWt7PijdYOEGpzfh1F6', '1', 0, '0004-03-12', '2026-06-16', 'baseimage.jpg'),
(12, 'abramovCryptoAnalytic1986', 'Cryptograph', 'Abramov', '$2y$10$nzmHs9y1S8hs29nHkMOv..q4TQXoltdaD31h8wEmJWrdC5yN93P36', '0', 0, '1986-02-02', '2026-06-18', 'user_12_1781787526.webp'),
(13, 'user228', 'User', 'Krutoi', '$2y$10$Z0iHEIxaCvj7VW/8fXYK9.qE36GBYMTtCpR.2ejH87sUA.qQkul/2', '0', 0, '2020-04-02', '2026-06-19', 'baseimage.jpg'),
(14, 'userIzgoi', '袠蟹谐芯泄', '小邪泄褌邪', '$2y$10$4/gx81zYRNrZrXTB3e7wBur1Bh6Hmvvh1VbZpUvLXtK8tS3W3NNea', '0', 0, '2016-08-05', '2026-06-22', 'baseimage.jpg'),
(15, 'wa', 'wa', 'wa', '$2y$10$WPZLA5durH97VC3ucuHCrOJc6wJ1tItUkv2jIfDyvzDyBAcdYCa.G', '0', 0, '0012-03-12', '2026-06-23', 'user_15_1782199596.jpg'),
(16, 'R', 'Retard', 'Retard', '$2y$10$oby5/roe2O411O7d/F/fbuztkK.F3Dyxv1vkPQotAB3SymgXtt3We', '0', 0, '0312-03-21', '2026-06-23', 'user_16_1782203731.jpg'),
(18, 'fffffffffffffffffffffffffffffffffffffff', 'ffffffffffffffffffff', 'ffffffffffffffffffff', '$2y$10$JhTlBUA/YQTEeOKSPj6KoOmEJwBYSVyPQviG4OqEtUXMVxGFCBDmu', '0', 0, '1421-02-13', '2026-06-23', 'baseimage.jpg');

--
-- 袠薪写械泻褋褘 褋芯褏褉邪薪褢薪薪褘褏 褌邪斜谢懈褑
--

--
-- 袠薪写械泻褋褘 褌邪斜谢懈褑褘 `complains`
--
ALTER TABLE `complains`
  ADD PRIMARY KEY (`complain_id`);

--
-- 袠薪写械泻褋褘 褌邪斜谢懈褑褘 `complain_types`
--
ALTER TABLE `complain_types`
  ADD PRIMARY KEY (`complain_type_id`);

--
-- 袠薪写械泻褋褘 褌邪斜谢懈褑褘 `direct_messages`
--
ALTER TABLE `direct_messages`
  ADD PRIMARY KEY (`message_id`);

--
-- 袠薪写械泻褋褘 褌邪斜谢懈褑褘 `friends`
--
ALTER TABLE `friends`
  ADD PRIMARY KEY (`friendship_id`);

--
-- 袠薪写械泻褋褘 褌邪斜谢懈褑褘 `notifications`
--
ALTER TABLE `notifications`
  ADD PRIMARY KEY (`notification_id`);

--
-- 袠薪写械泻褋褘 褌邪斜谢懈褑褘 `posts`
--
ALTER TABLE `posts`
  ADD PRIMARY KEY (`post_id`);

--
-- 袠薪写械泻褋褘 褌邪斜谢懈褑褘 `post_comments`
--
ALTER TABLE `post_comments`
  ADD PRIMARY KEY (`comment_id`);

--
-- 袠薪写械泻褋褘 褌邪斜谢懈褑褘 `post_images`
--
ALTER TABLE `post_images`
  ADD PRIMARY KEY (`image_id`);

--
-- 袠薪写械泻褋褘 褌邪斜谢懈褑褘 `users`
--
ALTER TABLE `users`
  ADD PRIMARY KEY (`user_id`),
  ADD UNIQUE KEY `login` (`login`);

--
-- AUTO_INCREMENT 写谢褟 褋芯褏褉邪薪褢薪薪褘褏 褌邪斜谢懈褑
--

--
-- AUTO_INCREMENT 写谢褟 褌邪斜谢懈褑褘 `complains`
--
ALTER TABLE `complains`
  MODIFY `complain_id` int NOT NULL AUTO_INCREMENT, AUTO_INCREMENT=2;

--
-- AUTO_INCREMENT 写谢褟 褌邪斜谢懈褑褘 `complain_types`
--
ALTER TABLE `complain_types`
  MODIFY `complain_type_id` int NOT NULL AUTO_INCREMENT, AUTO_INCREMENT=5;

--
-- AUTO_INCREMENT 写谢褟 褌邪斜谢懈褑褘 `direct_messages`
--
ALTER TABLE `direct_messages`
  MODIFY `message_id` int NOT NULL AUTO_INCREMENT, AUTO_INCREMENT=19;

--
-- AUTO_INCREMENT 写谢褟 褌邪斜谢懈褑褘 `friends`
--
ALTER TABLE `friends`
  MODIFY `friendship_id` int NOT NULL AUTO_INCREMENT, AUTO_INCREMENT=18;

--
-- AUTO_INCREMENT 写谢褟 褌邪斜谢懈褑褘 `notifications`
--
ALTER TABLE `notifications`
  MODIFY `notification_id` int NOT NULL AUTO_INCREMENT, AUTO_INCREMENT=8;

--
-- AUTO_INCREMENT 写谢褟 褌邪斜谢懈褑褘 `posts`
--
ALTER TABLE `posts`
  MODIFY `post_id` int NOT NULL AUTO_INCREMENT, AUTO_INCREMENT=33;

--
-- AUTO_INCREMENT 写谢褟 褌邪斜谢懈褑褘 `post_comments`
--
ALTER TABLE `post_comments`
  MODIFY `comment_id` int NOT NULL AUTO_INCREMENT, AUTO_INCREMENT=31;

--
-- AUTO_INCREMENT 写谢褟 褌邪斜谢懈褑褘 `users`
--
ALTER TABLE `users`
  MODIFY `user_id` int NOT NULL AUTO_INCREMENT, AUTO_INCREMENT=19;
COMMIT;

/*!40101 SET CHARACTER_SET_CLIENT=@OLD_CHARACTER_SET_CLIENT */;
/*!40101 SET CHARACTER_SET_RESULTS=@OLD_CHARACTER_SET_RESULTS */;
/*!40101 SET COLLATION_CONNECTION=@OLD_COLLATION_CONNECTION */;
